year,country_slots,countries_with_mortality,countries_with_spending,mean_treatable_rate,mean_spend_current_ppp
2010,46,45,46,108.68888888888888,2713.9416638653174
2011,46,44,46,102.88636363636364,2823.963644501011
2012,46,45,46,101.46666666666667,2901.4402663224123
2013,46,45,46,99.02222222222223,3016.314086316676
2014,46,46,46,96.04347826086956,3108.787716589061
2015,46,45,46,94.86666666666666,3202.89693765074
2016,46,46,46,94.47826086956522,3365.4885341769523
2017,46,45,46,93.62222222222222,3505.7108059268176
2018,46,45,46,92.31111111111112,3666.402465474096
2019,46,45,46,90.77777777777777,3921.790175955073
2020,46,43,46,93.09302325581395,4220.264448490007
2021,46,42,46,93.73809523809524,4679.682392851074
2022,46,42,46,87.19047619047619,4964.407521270877
2023,46,36,46,88.44444444444444,5038.278165166265
