iso3,country,n,mae,baseline_mae
MEX,Mexico,2,20.272095695417903,26.5
SVK,Slovak Republic,2,13.99380779654274,18.0
ROU,Romania,2,13.926210816638047,21.5
PER,Peru,1,12.25206786976031,17.0
BGR,Bulgaria,2,10.43063244062671,16.0
TUR,Turkiye,2,9.507760717838046,9.5
COL,Colombia,2,9.046043829993991,11.0
THA,Thailand,2,9.010326468500338,8.5
LTU,Lithuania,2,8.193090105356944,10.5
EST,Estonia,2,5.83357129731413,8.5
CZE,Czechia,2,4.81182105093378,7.5
BRA,Brazil,2,4.767278787433,2.5
GRC,Greece,1,4.458064692082161,6.0
LVA,Latvia,2,4.434412328186454,6.5
CRI,Costa Rica,2,4.2564479929868355,4.0
ARG,Argentina,2,3.965053768127973,6.0
LUX,Luxembourg,2,3.8600712444392116,4.0
IRL,Ireland,1,3.4505731892028066,2.0
GBR,United Kingdom,2,3.4011608118509784,1.5
DNK,Denmark,1,2.6494010051301444,1.0
CHL,Chile,2,2.558878616170233,1.0
POL,Poland,2,2.52458118693977,5.5
CAN,Canada,2,2.507022502652479,2.5
JPN,Japan,2,2.2909352860513295,1.0
HUN,Hungary,2,2.188819219788982,7.0
AUS,Australia,2,2.021907176989739,2.0
CHE,Switzerland,2,2.001892576777088,2.0
DEU,Germany,1,1.6213683487569384,0.0
FRA,France,2,1.5073935774873242,1.5
FIN,Finland,2,1.4452933722493206,1.5
BEL,Belgium,1,1.4254760331115506,0.0
ISL,Iceland,2,1.1707654123805362,1.0
SVN,Slovenia,2,1.105396450499299,1.0
KOR,"Korea, Rep.",2,1.0887496794923806,1.0
NLD,Netherlands,2,0.9889711987349834,1.0
SWE,Sweden,2,0.8424648838794475,0.5
USA,United States,2,0.6462902386287368,2.5
ESP,Spain,2,0.606082082967994,0.5
AUT,Austria,2,0.4379760390288645,1.5
ISR,Israel,2,0.4211373885428493,1.5
ITA,Italy,2,0.3142235363640786,1.0
